{"cameraMode":{"drawMode":0,"name":"Shaded","section":"Shading Mode"},"sceneLighting":false,"audioPlay":false,"sceneViewState":{"showFog":false,"showMaterialUpdate":false,"showSkybox":false,"showFlares":true,"showImageEffects":true,"showParticleSystems":true},"in2DMode":false,"pivot":{"x":-11.006235122680664,"y":-2.0579159259796144,"z":9.183704376220704},"rotation":{"x":0.08996333926916123,"y":-0.9094938635826111,"z":0.27001649141311648,"w":0.30301597714424136},"size":37.30939483642578,"orthographic":false}