{"cameraMode":{"drawMode":0,"name":"Shaded","section":"Shading Mode"},"sceneLighting":false,"audioPlay":false,"sceneViewState":{"showFog":false,"showMaterialUpdate":false,"showSkybox":false,"showFlares":true,"showImageEffects":true,"showParticleSystems":true},"in2DMode":false,"pivot":{"x":-0.030071258544921876,"y":5.0,"z":0.026317596435546876},"rotation":{"x":0.35372981429100039,"y":-0.05019284784793854,"z":0.01901303045451641,"w":0.9338064193725586},"size":47.79267120361328,"orthographic":false}