{"cameraMode":{"drawMode":0,"name":"Shaded","section":"Shading Mode"},"sceneLighting":false,"audioPlay":false,"sceneViewState":{"showFog":false,"showMaterialUpdate":false,"showSkybox":false,"showFlares":true,"showImageEffects":true,"showParticleSystems":true},"in2DMode":false,"pivot":{"x":294.3999938964844,"y":80.19999694824219,"z":-121.00001525878906},"rotation":{"x":0.2339365929365158,"y":-0.12674535810947419,"z":0.030774643644690515,"w":0.9634637236595154},"size":142.8943328857422,"orthographic":true}