{"cameraMode":{"drawMode":0,"name":"Shaded","section":"Shading Mode"},"sceneLighting":false,"audioPlay":false,"sceneViewState":{"showFog":false,"showMaterialUpdate":false,"showSkybox":false,"showFlares":true,"showImageEffects":true,"showParticleSystems":true},"in2DMode":false,"pivot":{"x":-1.8992576599121094,"y":0.0338592529296875,"z":-10.20168685913086},"rotation":{"x":0.115820974111557,"y":-0.8756771087646484,"z":0.25997647643089297,"w":0.3901120722293854},"size":87.91925811767578,"orthographic":false}