{"cameraMode":{"drawMode":0,"name":"Shaded","section":"Shading Mode"},"sceneLighting":false,"audioPlay":false,"sceneViewState":{"showFog":false,"showMaterialUpdate":false,"showSkybox":false,"showFlares":true,"showImageEffects":true,"showParticleSystems":true},"in2DMode":false,"pivot":{"x":-4.777675628662109,"y":-3.1837339401245119,"z":2.446925640106201},"rotation":{"x":0.07384956628084183,"y":-0.9246942400932312,"z":0.23571723699569703,"w":0.28969675302505495},"size":34.624610900878909,"orthographic":false}