{"cameraMode":{"drawMode":0,"name":"Shaded","section":"Shading Mode"},"sceneLighting":false,"audioPlay":false,"sceneViewState":{"showFog":false,"showMaterialUpdate":false,"showSkybox":false,"showFlares":true,"showImageEffects":true,"showParticleSystems":true},"in2DMode":false,"pivot":{"x":0.9893130660057068,"y":-0.014973200857639313,"z":0.0},"rotation":{"x":0.011779090389609337,"y":-0.8994656801223755,"z":0.024291468784213067,"w":0.43615663051605227},"size":0.4602822959423065,"orthographic":false}