{"cameraMode":{"drawMode":0,"name":"Shaded","section":"Shading Mode"},"sceneLighting":false,"audioPlay":false,"sceneViewState":{"showFog":false,"showMaterialUpdate":false,"showSkybox":false,"showFlares":true,"showImageEffects":true,"showParticleSystems":true},"in2DMode":false,"pivot":{"x":3.0288336277008058,"y":-0.7492465972900391,"z":1.3404775857925416},"rotation":{"x":0.09972979873418808,"y":0.007462305016815662,"z":-0.0007508829003199935,"w":0.994986355304718},"size":10.244539260864258,"orthographic":true}