{"cameraMode":{"drawMode":0,"name":"Shaded","section":"Shading Mode"},"sceneLighting":false,"audioPlay":false,"sceneViewState":{"showFog":false,"showMaterialUpdate":false,"showSkybox":false,"showFlares":true,"showImageEffects":true,"showParticleSystems":true},"in2DMode":false,"pivot":{"x":1544.5999755859375,"y":36.503257751464847,"z":-1289.699951171875},"rotation":{"x":-0.11038138717412949,"y":0.19457842409610749,"z":-0.022042011842131616,"w":-0.9744071960449219},"size":18.440412521362306,"orthographic":true}