{"cameraMode":{"drawMode":0,"name":"Shaded","section":"Shading Mode"},"sceneLighting":false,"audioPlay":false,"sceneViewState":{"showFog":false,"showMaterialUpdate":false,"showSkybox":false,"showFlares":true,"showImageEffects":true,"showParticleSystems":true},"in2DMode":false,"pivot":{"x":3637.00244140625,"y":32.1240119934082,"z":-2127.863037109375},"rotation":{"x":0.031595226377248767,"y":-0.6864573359489441,"z":0.029879705980420114,"w":0.7258687019348145},"size":26.7077579498291,"orthographic":true}