{"cameraMode":{"drawMode":0,"name":"Shaded","section":"Shading Mode"},"sceneLighting":false,"audioPlay":false,"sceneViewState":{"showFog":false,"showMaterialUpdate":false,"showSkybox":false,"showFlares":true,"showImageEffects":true,"showParticleSystems":true},"in2DMode":false,"pivot":{"x":3655.01611328125,"y":26.025249481201173,"z":-2148.16064453125},"rotation":{"x":0.022920606657862665,"y":-0.6447694301605225,"z":0.01934881880879402,"w":0.7637884020805359},"size":36.91007614135742,"orthographic":true}