{"cameraMode":{"drawMode":0,"name":"Shaded","section":"Shading Mode"},"sceneLighting":false,"audioPlay":false,"sceneViewState":{"showFog":false,"showMaterialUpdate":false,"showSkybox":false,"showFlares":true,"showImageEffects":true,"showParticleSystems":true},"in2DMode":false,"pivot":{"x":0.306388795375824,"y":-0.02232074737548828,"z":-0.31382182240486147},"rotation":{"x":0.029810775071382524,"y":-0.9548313617706299,"z":0.2772538661956787,"w":0.1026584804058075},"size":4.1771464347839359,"orthographic":false}