{"cameraMode":{"drawMode":0,"name":"Shaded","section":"Shading Mode"},"sceneLighting":false,"audioPlay":false,"sceneViewState":{"showFog":false,"showMaterialUpdate":false,"showSkybox":false,"showFlares":true,"showImageEffects":true,"showParticleSystems":true},"in2DMode":false,"pivot":{"x":-22.990001678466798,"y":16.334062576293947,"z":75.05000305175781},"rotation":{"x":0.03334430605173111,"y":0.6705746650695801,"z":-0.030196093022823335,"w":0.7404769062995911},"size":20.61977195739746,"orthographic":true}