{"cameraMode":{"drawMode":0,"name":"Shaded","section":"Shading Mode"},"sceneLighting":false,"audioPlay":false,"sceneViewState":{"showFog":false,"showMaterialUpdate":false,"showSkybox":false,"showFlares":true,"showImageEffects":true,"showParticleSystems":true},"in2DMode":false,"pivot":{"x":966.2552490234375,"y":544.1468505859375,"z":-0.6890280842781067},"rotation":{"x":0.6157582998275757,"y":0.02952796034514904,"z":-0.023101849481463434,"w":0.7870426177978516},"size":74.6091079711914,"orthographic":true}