{"cameraMode":{"drawMode":0,"name":"Shaded","section":"Shading Mode"},"sceneLighting":false,"audioPlay":false,"sceneViewState":{"showFog":false,"showMaterialUpdate":false,"showSkybox":false,"showFlares":true,"showImageEffects":true,"showParticleSystems":true},"in2DMode":false,"pivot":{"x":0.30385422706604006,"y":1.8376392126083375,"z":-5.960464477539063e-7},"rotation":{"x":-0.09204843640327454,"y":-0.1894034892320633,"z":0.017837442457675935,"w":-0.9774125218391419},"size":13.146259307861329,"orthographic":true}