{"cameraMode":{"drawMode":0,"name":"Shaded","section":"Shading Mode"},"sceneLighting":false,"audioPlay":false,"sceneViewState":{"showFog":false,"showMaterialUpdate":false,"showSkybox":false,"showFlares":true,"showImageEffects":true,"showParticleSystems":true},"in2DMode":false,"pivot":{"x":0.48121142387390139,"y":0.4750817120075226,"z":0.0},"rotation":{"x":0.013925020582973957,"y":-0.9843289852142334,"z":0.15027740597724915,"w":0.09121016412973404},"size":6.830801963806152,"orthographic":false}