{"cameraMode":{"drawMode":0,"name":"Shaded","section":"Shading Mode"},"sceneLighting":false,"audioPlay":false,"sceneViewState":{"showFog":false,"showMaterialUpdate":false,"showSkybox":false,"showFlares":true,"showImageEffects":true,"showParticleSystems":true},"in2DMode":false,"pivot":{"x":1580.181396484375,"y":8.777868270874024,"z":-1393.7586669921875},"rotation":{"x":0.14392119646072389,"y":-0.7117770314216614,"z":0.15282641351222993,"w":0.670301616191864},"size":6.745649814605713,"orthographic":true}