{"cameraMode":{"drawMode":0,"name":"Shaded","section":"Shading Mode"},"sceneLighting":false,"audioPlay":false,"sceneViewState":{"showFog":false,"showMaterialUpdate":false,"showSkybox":false,"showFlares":true,"showImageEffects":true,"showParticleSystems":true},"in2DMode":false,"pivot":{"x":1.243147373199463,"y":-0.049083612859249118,"z":0.0},"rotation":{"x":0.09582357108592987,"y":-0.8046230673789978,"z":0.13522203266620637,"w":0.5701882839202881},"size":1.6048641204833985,"orthographic":false}