{"cameraMode":{"drawMode":0,"name":"Shaded","section":"Shading Mode"},"sceneLighting":false,"audioPlay":false,"sceneViewState":{"showFog":false,"showMaterialUpdate":false,"showSkybox":false,"showFlares":true,"showImageEffects":true,"showParticleSystems":true},"in2DMode":false,"pivot":{"x":-0.22500014305114747,"y":0.75,"z":-3.0949997901916506},"rotation":{"x":-0.09954723715782166,"y":-0.3343439996242523,"z":0.03553886339068413,"w":-0.9365049004554749},"size":8.111055374145508,"orthographic":true}