{"cameraMode":{"drawMode":0,"name":"Shaded","section":"Shading Mode"},"sceneLighting":false,"audioPlay":false,"sceneViewState":{"showFog":false,"showMaterialUpdate":false,"showSkybox":false,"showFlares":true,"showImageEffects":true,"showParticleSystems":true},"in2DMode":false,"pivot":{"x":-0.619166374206543,"y":3.7557525634765627,"z":-0.5503883361816406},"rotation":{"x":0.06836061179637909,"y":-0.9315691590309143,"z":0.24641939997673036,"w":0.2584245502948761},"size":23.89386749267578,"orthographic":false}