{"cameraMode":{"drawMode":0,"name":"Shaded","section":"Shading Mode"},"sceneLighting":false,"audioPlay":false,"sceneViewState":{"showFog":false,"showMaterialUpdate":false,"showSkybox":false,"showFlares":true,"showImageEffects":true,"showParticleSystems":true},"in2DMode":false,"pivot":{"x":659.1126708984375,"y":257.45263671875,"z":6.769763946533203},"rotation":{"x":-0.004122876562178135,"y":-0.7281964421272278,"z":0.004360382445156574,"w":-0.6853422522544861},"size":30.479717254638673,"orthographic":true}