{"cameraMode":{"drawMode":0,"name":"Shaded","section":"Shading Mode"},"sceneLighting":false,"audioPlay":false,"sceneViewState":{"showFog":false,"showMaterialUpdate":false,"showSkybox":false,"showFlares":true,"showImageEffects":true,"showParticleSystems":true},"in2DMode":false,"pivot":{"x":-0.367315411567688,"y":-0.05233955383300781,"z":-0.31382203102111819},"rotation":{"x":0.029810775071382524,"y":-0.9548313617706299,"z":0.2772538661956787,"w":0.1026584804058075},"size":8.020857810974121,"orthographic":false}