{"cameraMode":{"drawMode":0,"name":"Shaded","section":"Shading Mode"},"sceneLighting":false,"audioPlay":false,"sceneViewState":{"showFog":false,"showMaterialUpdate":false,"showSkybox":false,"showFlares":true,"showImageEffects":true,"showParticleSystems":true},"in2DMode":false,"pivot":{"x":6.700000762939453,"y":5.700000762939453,"z":8.799999237060547},"rotation":{"x":0.029810775071382524,"y":-0.9548313617706299,"z":0.2772538661956787,"w":0.1026584804058075},"size":191.24957275390626,"orthographic":false}