{"cameraMode":{"drawMode":0,"name":"Shaded","section":"Shading Mode"},"sceneLighting":false,"audioPlay":false,"sceneViewState":{"showFog":false,"showMaterialUpdate":false,"showSkybox":false,"showFlares":true,"showImageEffects":true,"showParticleSystems":true},"in2DMode":false,"pivot":{"x":5.028413772583008,"y":2.8144595623016359,"z":-2.0610365867614748},"rotation":{"x":0.3756762146949768,"y":0.06414783000946045,"z":-0.026076678186655046,"w":0.9241604804992676},"size":18.110200881958009,"orthographic":false}