{"cameraMode":{"drawMode":0,"name":"Shaded","section":"Shading Mode"},"sceneLighting":false,"audioPlay":false,"sceneViewState":{"showFog":false,"showMaterialUpdate":false,"showSkybox":false,"showFlares":true,"showImageEffects":true,"showParticleSystems":true},"in2DMode":false,"pivot":{"x":-3.75561261177063,"y":0.30000001192092898,"z":0.11964551359415055},"rotation":{"x":-0.09954723715782166,"y":-0.3343439996242523,"z":0.03553886339068413,"w":-0.9365049004554749},"size":1.4849998950958253,"orthographic":true}