{"cameraMode":{"drawMode":0,"name":"Shaded","section":"Shading Mode"},"sceneLighting":false,"audioPlay":false,"sceneViewState":{"showFog":false,"showMaterialUpdate":false,"showSkybox":false,"showFlares":true,"showImageEffects":true,"showParticleSystems":true},"in2DMode":false,"pivot":{"x":1.3389490842819214,"y":0.010471098124980927,"z":-0.06687569618225098},"rotation":{"x":0.012273721396923066,"y":-0.9874011874198914,"z":0.1235709935426712,"w":0.09807450324296951},"size":0.39804571866989138,"orthographic":false}