{"cameraMode":{"drawMode":0,"name":"Shaded","section":"Shading Mode"},"sceneLighting":false,"audioPlay":false,"sceneViewState":{"showFog":false,"showMaterialUpdate":false,"showSkybox":false,"showFlares":true,"showImageEffects":true,"showParticleSystems":true},"in2DMode":false,"pivot":{"x":58.296958923339847,"y":-150.0818634033203,"z":-38.61809158325195},"rotation":{"x":0.017751304432749749,"y":-0.7009261846542358,"z":0.017455821856856347,"w":0.7127992510795593},"size":27.452857971191408,"orthographic":true}