{"cameraMode":{"drawMode":0,"name":"Shaded","section":"Shading Mode"},"sceneLighting":false,"audioPlay":false,"sceneViewState":{"showFog":false,"showMaterialUpdate":false,"showSkybox":false,"showFlares":true,"showImageEffects":true,"showParticleSystems":true},"in2DMode":false,"pivot":{"x":1.3980960845947266,"y":11.347977638244629,"z":1.943490982055664},"rotation":{"x":0.12186967581510544,"y":0.15006503462791444,"z":-0.01864357478916645,"w":0.9809590578079224},"size":36.25613784790039,"orthographic":false}