{"cameraMode":{"drawMode":0,"name":"Shaded","section":"Shading Mode"},"sceneLighting":false,"audioPlay":false,"sceneViewState":{"showFog":false,"showMaterialUpdate":false,"showSkybox":false,"showFlares":true,"showImageEffects":true,"showParticleSystems":true},"in2DMode":false,"pivot":{"x":1544.5999755859375,"y":36.503257751464847,"z":-1289.699951171875},"rotation":{"x":-0.25528910756111147,"y":0.10762776434421539,"z":-0.028608297929167749,"w":-0.9604297876358032},"size":18.440412521362306,"orthographic":true}