{"cameraMode":{"drawMode":0,"name":"Shaded","section":"Shading Mode"},"sceneLighting":false,"audioPlay":false,"sceneViewState":{"showFog":false,"showMaterialUpdate":false,"showSkybox":false,"showFlares":true,"showImageEffects":true,"showParticleSystems":true},"in2DMode":false,"pivot":{"x":0.0000152587890625,"y":106.88615417480469,"z":-8.144783020019532},"rotation":{"x":-0.19271738827228547,"y":0.5255414247512817,"z":-0.1236065998673439,"w":-0.8193825483322144},"size":985.4712524414063,"orthographic":true}