{"cameraMode":{"drawMode":0,"name":"Shaded","section":"Shading Mode"},"sceneLighting":false,"audioPlay":false,"sceneViewState":{"showFog":false,"showMaterialUpdate":false,"showSkybox":false,"showFlares":true,"showImageEffects":true,"showParticleSystems":true},"in2DMode":false,"pivot":{"x":74.2109375,"y":-145.62989807128907,"z":-53.77848815917969},"rotation":{"x":0.005128649994730949,"y":0.7296203970909119,"z":0.005472314544022083,"w":-0.6838113069534302},"size":27.69536590576172,"orthographic":true}