{"cameraMode":{"drawMode":0,"name":"Shaded","section":"Shading Mode"},"sceneLighting":false,"audioPlay":false,"sceneViewState":{"showFog":false,"showMaterialUpdate":false,"showSkybox":false,"showFlares":true,"showImageEffects":true,"showParticleSystems":true},"in2DMode":false,"pivot":{"x":1019.7589721679688,"y":546.6002197265625,"z":8.296875},"rotation":{"x":-0.0009314266499131918,"y":0.9783326387405396,"z":-0.004402537364512682,"w":-0.20699059963226319},"size":91.52108001708985,"orthographic":true}