{"cameraMode":{"drawMode":0,"name":"Shaded","section":"Shading Mode"},"sceneLighting":false,"audioPlay":false,"sceneViewState":{"showFog":false,"showMaterialUpdate":false,"showSkybox":false,"showFlares":true,"showImageEffects":true,"showParticleSystems":true},"in2DMode":false,"pivot":{"x":27.39999771118164,"y":3.0165982246398927,"z":0.1018313467502594},"rotation":{"x":-0.1928330957889557,"y":0.3556153476238251,"z":-0.07524055987596512,"w":-0.9114230871200562},"size":23.6556339263916,"orthographic":true}