{"cameraMode":{"drawMode":0,"name":"Shaded","section":"Shading Mode"},"sceneLighting":true,"audioPlay":false,"sceneViewState":{"showFog":false,"showMaterialUpdate":false,"showSkybox":true,"showFlares":true,"showImageEffects":true,"showParticleSystems":true},"in2DMode":false,"pivot":{"x":1531.4886474609375,"y":80.87077331542969,"z":-1160.7647705078125},"rotation":{"x":0.16794058680534364,"y":-0.35287025570869448,"z":0.06453412771224976,"w":0.9182124137878418},"size":144.14219665527345,"orthographic":true}