{"cameraMode":{"drawMode":0,"name":"Shaded","section":"Shading Mode"},"sceneLighting":false,"audioPlay":false,"sceneViewState":{"showFog":false,"showMaterialUpdate":false,"showSkybox":false,"showFlares":true,"showImageEffects":true,"showParticleSystems":true},"in2DMode":false,"pivot":{"x":947.74462890625,"y":546.2493896484375,"z":2.5999999046325685},"rotation":{"x":0.2509152293205261,"y":0.27551504969596865,"z":-0.0747414380311966,"w":0.9249577522277832},"size":101.53268432617188,"orthographic":true}