{"cameraMode":{"drawMode":0,"name":"Shaded","section":"Shading Mode"},"sceneLighting":false,"audioPlay":false,"sceneViewState":{"showFog":false,"showMaterialUpdate":false,"showSkybox":false,"showFlares":true,"showImageEffects":true,"showParticleSystems":true},"in2DMode":false,"pivot":{"x":-2.476006507873535,"y":2.798654556274414,"z":2.824341297149658},"rotation":{"x":0.06836061179637909,"y":-0.9315691590309143,"z":0.24641939997673036,"w":0.2584245502948761},"size":16.605195999145509,"orthographic":false}