{"cameraMode":{"drawMode":0,"name":"Shaded","section":"Shading Mode"},"sceneLighting":false,"audioPlay":false,"sceneViewState":{"showFog":false,"showMaterialUpdate":false,"showSkybox":false,"showFlares":true,"showImageEffects":true,"showParticleSystems":true},"in2DMode":false,"pivot":{"x":-0.030071258544921876,"y":5.0,"z":0.026317596435546876},"rotation":{"x":0.3756762146949768,"y":0.06414783000946045,"z":-0.026076678186655046,"w":0.9241604804992676},"size":41.53422164916992,"orthographic":false}