{"cameraMode":{"drawMode":0,"name":"Shaded","section":"Shading Mode"},"sceneLighting":false,"audioPlay":false,"sceneViewState":{"showFog":false,"showMaterialUpdate":false,"showSkybox":false,"showFlares":false,"showImageEffects":false,"showParticleSystems":false},"in2DMode":false,"pivot":{"x":-1.0028860569000245,"y":-0.7133210897445679,"z":0.33039039373397829},"rotation":{"x":-0.18480883538722993,"y":0.7533963322639465,"z":-0.2382715493440628,"w":-0.5843512415885925},"size":10.0,"orthographic":false}