{"cameraMode":{"drawMode":0,"name":"Shaded","section":"Shading Mode"},"sceneLighting":true,"audioPlay":false,"sceneViewState":{"showFog":true,"showMaterialUpdate":false,"showSkybox":true,"showFlares":true,"showImageEffects":true,"showParticleSystems":true},"in2DMode":false,"pivot":{"x":-335.95428466796877,"y":134.6834716796875,"z":311.77471923828127},"rotation":{"x":-0.0960073322057724,"y":0.8995882272720337,"z":-0.25072193145751955,"w":-0.3444737195968628},"size":135.33843994140626,"orthographic":false}