{"cameraMode":{"drawMode":0,"name":"Shaded","section":"Shading Mode"},"sceneLighting":false,"audioPlay":false,"sceneViewState":{"showFog":true,"showMaterialUpdate":false,"showSkybox":false,"showFlares":true,"showImageEffects":true,"showParticleSystems":true},"in2DMode":false,"pivot":{"x":1.243147373199463,"y":-0.049083590507507327,"z":0.0},"rotation":{"x":0.25426188111305239,"y":-0.43240782618522646,"z":0.12851731479167939,"w":0.8554868102073669},"size":5.887216091156006,"orthographic":true}