{"cameraMode":{"drawMode":31,"name":"Sprite Mask","section":"Miscellaneous"},"sceneLighting":false,"audioPlay":false,"sceneViewState":{"showFog":false,"showMaterialUpdate":false,"showSkybox":false,"showFlares":false,"showImageEffects":false,"showParticleSystems":false},"in2DMode":false,"pivot":{"x":-6.899999618530273,"y":-7.449999809265137,"z":33.599998474121097},"rotation":{"x":-0.1793452948331833,"y":-0.1667439341545105,"z":0.030859297141432763,"w":-0.9690611362457275},"size":34.800838470458987,"orthographic":false}