{"cameraMode":{"drawMode":31,"name":"Sprite Mask","section":"Miscellaneous"},"sceneLighting":true,"audioPlay":false,"sceneViewState":{"showFog":false,"showMaterialUpdate":false,"showSkybox":false,"showFlares":false,"showImageEffects":false,"showParticleSystems":false},"in2DMode":false,"pivot":{"x":145.83218383789063,"y":-168.73385620117188,"z":67.7068099975586},"rotation":{"x":0.35209834575653078,"y":0.4070087969303131,"z":-0.1737631857395172,"w":0.8247284293174744},"size":315.0475769042969,"orthographic":false}