{"cameraMode":{"drawMode":31,"name":"Sprite Mask","section":"Miscellaneous"},"sceneLighting":false,"audioPlay":false,"sceneViewState":{"showFog":false,"showMaterialUpdate":false,"showSkybox":false,"showFlares":false,"showImageEffects":false,"showParticleSystems":false},"in2DMode":false,"pivot":{"x":-18.600000381469728,"y":4.76837158203125e-7,"z":-2.6000008583068849},"rotation":{"x":-0.34606975317001345,"y":0.5565845966339111,"z":-0.2736128568649292,"w":-0.7039782404899597},"size":75.16097259521485,"orthographic":false}