{"cameraMode":{"drawMode":31,"name":"Sprite Mask","section":"Miscellaneous"},"sceneLighting":false,"audioPlay":false,"sceneViewState":{"showFog":false,"showMaterialUpdate":false,"showSkybox":false,"showFlares":false,"showImageEffects":false,"showParticleSystems":false},"in2DMode":false,"pivot":{"x":0.22768819332122804,"y":0.47410356998443606,"z":-0.6530053615570068},"rotation":{"x":-0.04798204079270363,"y":-0.951280951499939,"z":0.1953117698431015,"w":-0.23369984328746797},"size":4.245041847229004,"orthographic":false}