{"cameraMode":{"drawMode":31,"name":"Sprite Mask","section":"Miscellaneous"},"sceneLighting":false,"audioPlay":false,"sceneViewState":{"showFog":false,"showMaterialUpdate":false,"showSkybox":false,"showFlares":false,"showImageEffects":false,"showParticleSystems":false},"in2DMode":false,"pivot":{"x":-6.150000095367432,"y":-8.300000190734864,"z":-8.819999694824219},"rotation":{"x":-0.1793452948331833,"y":-0.1667439341545105,"z":0.030859297141432763,"w":-0.9690611362457275},"size":17.363079071044923,"orthographic":false}