{"cameraMode":{"drawMode":31,"name":"Sprite Mask","section":"Miscellaneous"},"sceneLighting":false,"audioPlay":false,"sceneViewState":{"showFog":false,"showMaterialUpdate":false,"showSkybox":false,"showFlares":false,"showImageEffects":false,"showParticleSystems":false},"in2DMode":false,"pivot":{"x":0.09999990463256836,"y":0.09999990463256836,"z":-8.772010803222657},"rotation":{"x":0.12036839127540589,"y":0.8398818969726563,"z":-0.20766963064670564,"w":0.4868093430995941},"size":29.3071346282959,"orthographic":true}