{"cameraMode":{"drawMode":0,"name":"Shaded","section":"Shading Mode"},"sceneLighting":false,"audioPlay":false,"sceneViewState":{"showFog":false,"showMaterialUpdate":false,"showSkybox":false,"showFlares":false,"showImageEffects":false,"showParticleSystems":false},"in2DMode":false,"pivot":{"x":-7.08936071395874,"y":2.587390661239624,"z":-111.9000015258789},"rotation":{"x":0.23100043833255769,"y":0.7571806311607361,"z":-0.3485409915447235,"w":0.5018322467803955},"size":10.228273391723633,"orthographic":false}