{"cameraMode":{"drawMode":31,"name":"Sprite Mask","section":"Miscellaneous"},"sceneLighting":false,"audioPlay":false,"sceneViewState":{"showFog":false,"showMaterialUpdate":false,"showSkybox":false,"showFlares":false,"showImageEffects":false,"showParticleSystems":false},"in2DMode":false,"pivot":{"x":-40.79999923706055,"y":15.800000190734864,"z":-5.300000190734863},"rotation":{"x":0.12979218363761903,"y":-0.5990328788757324,"z":0.0991785004734993,"w":0.7838858962059021},"size":50.849403381347659,"orthographic":true}