{"cameraMode":{"drawMode":31,"name":"Sprite Mask","section":"Miscellaneous"},"sceneLighting":false,"audioPlay":false,"sceneViewState":{"showFog":false,"showMaterialUpdate":false,"showSkybox":false,"showFlares":false,"showImageEffects":false,"showParticleSystems":false},"in2DMode":false,"pivot":{"x":-6.059999942779541,"y":15.800000190734864,"z":-123.0999984741211},"rotation":{"x":0.12036839127540589,"y":0.8398818969726563,"z":-0.20766963064670564,"w":0.4868093430995941},"size":105.67674255371094,"orthographic":true}