{"cameraMode":{"drawMode":31,"name":"Sprite Mask","section":"Miscellaneous"},"sceneLighting":true,"audioPlay":false,"sceneViewState":{"showFog":false,"showMaterialUpdate":false,"showSkybox":false,"showFlares":false,"showImageEffects":false,"showParticleSystems":false},"in2DMode":false,"pivot":{"x":-7.899999618530273,"y":27.700000762939454,"z":-49.599998474121097},"rotation":{"x":0.17935535311698914,"y":0.051605865359306338,"z":-0.009426969103515149,"w":0.9823847413063049},"size":4.041658401489258,"orthographic":true}